Domaine,Domaine,Panel ERC
chim,Chimie,"PE3, PE4, PE5, PE6, PE8, PE10, PE11"
chim.anal,Chimie/Chimie analytique,PE4
chim.cata,Chimie/Catalyse,"PE4,PE5"
chim.chem,Chimie/Chemo-informatique,PE6
chim.coor,Chimie/Chimie de coordination,PE5
chim.cris,Chimie/Cristallographie,PE10
chim.geni,Chimie/Génie chimique,PE8
chim.inor,Chimie/Chimie inorganique,PE5
chim.mate,Chimie/Matériaux,"PE3, PE4, PE5, PE11"
chim.orga,Chimie/Chimie organique,PE5
chim.othe,Chimie/Autre,?
chim.poly,Chimie/Polymères,PE5
chim.radio,Chimie/Radiochimie,PE4
chim.theo,Chimie/Chimie théorique et/ou physique,PE4
chim.ther,Chimie/Chimie thérapeutique,?
info,Informatique [cs],PE6
info.eiah,Informatique [cs]/Environnements Informatiques pour l'Apprentissage Humain,PE6
info.info-ai,Informatique [cs]/Intelligence artificielle [cs.AI],PE6
info.info-ao,Informatique [cs]/Arithmétique des ordinateurs,PE6
info.info-ar,Informatique [cs]/Architectures Matérielles [cs.AR],PE6
info.info-au,Informatique [cs]/Automatique,PE6
info.info-bi,Informatique [cs]/Bio-informatique [q-bio.QM],PE6
info.info-cc,Informatique [cs]/Complexité [cs.CC],PE6
info.info-cg,Informatique [cs]/Géométrie algorithmique [cs.CG],PE6
info.info-cl,Informatique [cs]/Informatique et langage [cs.CL],PE6
info.info-cr,Informatique [cs]/Cryptographie et sécurité [cs.CR],PE6
info.info-cv,Informatique [cs]/Vision par ordinateur et reconnaissance de formes [cs.CV],PE6
info.info-cy,Informatique [cs]/Ordinateur et société [cs.CY],PE6
info.info-db,Informatique [cs]/Base de données [cs.DB],PE6
info.info-dc,"Informatique [cs]/Calcul parallèle, distribué et partagé [cs.DC]",PE6
info.info-dm,Informatique [cs]/Mathématique discrète [cs.DM],PE6
info.info-ds,Informatique [cs]/Algorithme et structure de données [cs.DS],PE6
info.info-es,Informatique [cs]/Systèmes embarqués,PE6
info.info-fl,Informatique [cs]/Théorie et langage formel [cs.FL],PE6
info.info-gl,Informatique [cs]/Littérature générale [cs.GL],PE6
info.info-gr,Informatique [cs]/Synthèse d'image et réalité virtuelle [cs.GR],PE6
info.info-gt,Informatique [cs]/Informatique et théorie des jeux [cs.GT],PE6
info.info-hc,Informatique [cs]/Interface homme-machine [cs.HC],PE6
info.info-im,Informatique [cs]/Imagerie médicale,PE6
info.info-ir,Informatique [cs]/Recherche d'information [cs.IR],PE6
info.info-it,Informatique [cs]/Théorie de l'information [cs.IT],PE6
info.info-iu,Informatique [cs]/Informatique ubiquitaire,PE6
info.info-lg,Informatique [cs]/Apprentissage [cs.LG],PE6
info.info-lo,Informatique [cs]/Logique en informatique [cs.LO],PE6
info.info-ma,Informatique [cs]/Système multi-agents [cs.MA],PE6
info.info-mc,Informatique [cs]/Informatique mobile,PE6
info.info-mo,Informatique [cs]/Modélisation et simulation,PE6
info.info-ms,Informatique [cs]/Logiciel mathématique [cs.MS],PE6
info.info-na,Informatique [cs]/Analyse numérique [cs.NA],PE6
info.info-ne,Informatique [cs]/Réseau de neurones [cs.NE],PE6
info.info-ni,Informatique [cs]/Réseaux et télécommunications [cs.NI],PE6
info.info-oh,Informatique [cs]/Autre [cs.OH],PE6
info.info-pf,Informatique [cs]/Performance et fiabilité [cs.PF],PE6
info.info-pl,Informatique [cs]/Langage de programmation [cs.PL],PE6
info.info-rb,Informatique [cs]/Robotique [cs.RO],PE6
info.info-ro,Informatique [cs]/Recherche opérationnelle [cs.RO],PE6
info.info-se,Informatique [cs]/Génie logiciel [cs.SE],PE6
info.info-si,Informatique [cs]/Réseaux sociaux et d'information [cs.SI],PE6
info.info-sy,Informatique [cs]/Systèmes et contrôle [cs.SY],PE6
info.info-ti,Informatique [cs]/Traitement des images [eess.IV],PE6
info.info-ts,Informatique [cs]/Traitement du signal et de l'image [eess.SP],PE6
info.info-tt,Informatique [cs]/Traitement du texte et du document,PE6
math,Mathématiques [math],PE1
math.math-ac,Mathématiques [math]/Algèbre commutative [math.AC],PE1
math.math-ag,Mathématiques [math]/Géométrie algébrique [math.AG],PE1
math.math-ap,Mathématiques [math]/Equations aux dérivées partielles [math.AP],PE1
math.math-ca,Mathématiques [math]/Analyse classique [math.CA],PE1
math.math-co,Mathématiques [math]/Combinatoire [math.CO],PE1
math.math-ct,Mathématiques [math]/Catégories et ensembles [math.CT],PE1
math.math-cv,Mathématiques [math]/Variables complexes [math.CV],PE1
math.math-dg,Mathématiques [math]/Géométrie différentielle [math.DG],PE1
math.math-ds,Mathématiques [math]/Systèmes dynamiques [math.DS],PE1
math.math-fa,Mathématiques [math]/Analyse fonctionnelle [math.FA],PE1
math.math-gm,Mathématiques [math]/Mathématiques générales [math.GM],PE1
math.math-gr,Mathématiques [math]/Théorie des groupes [math.GR],PE1
math.math-gt,Mathématiques [math]/Topologie géométrique [math.GT],PE1
math.math-ho,Mathématiques [math]/Histoire et perspectives sur les mathématiques [math.HO],PE1
math.math-it,Mathématiques [math]/Théorie de l'information et codage [math.IT],PE1
math.math-kt,Mathématiques [math]/K-théorie et homologie [math.KT],PE1
math.math-lo,Mathématiques [math]/Logique [math.LO],PE1
math.math-mg,Mathématiques [math]/Géométrie métrique [math.MG],PE1
math.math-mp,Mathématiques [math]/Physique mathématique [math-ph],PE1
math.math-na,Mathématiques [math]/Analyse numérique [math.NA],PE1
math.math-nt,Mathématiques [math]/Théorie des nombres [math.NT],PE1
math.math-oa,Mathématiques [math]/Algèbres d'opérateurs [math.OA],PE1
math.math-oc,Mathématiques [math]/Optimisation et contrôle [math.OC],PE1
math.math-pr,Mathématiques [math]/Probabilités [math.PR],PE1
math.math-ra,Mathématiques [math]/Anneaux et algèbres [math.RA],PE1
math.math-sp,Mathématiques [math]/Théorie spectrale [math.SP],PE1
math.math-st,Mathématiques [math]/Statistiques [math.ST],PE1
nlin,Science non linéaire [physics],PE2
nlin.nlin-ao,Science non linéaire [physics]/Adaptation et Systèmes auto-organisés [nlin.AO],PE2
nlin.nlin-cd,Science non linéaire [physics]/Dynamique Chaotique [nlin.CD],PE2
nlin.nlin-cg,Science non linéaire [physics]/Automates cellulaires et gaz sur réseau [nlin.CG],PE2
phys,Physique [physics],"PE1, PE2, PE3, PE5, PE8, PE9, PE10"
phys.astr,Physique [physics]/Astrophysique [astro-ph],PE9
phys.astr.co,Physique [physics]/Astrophysique [astro-ph]/Cosmologie et astrophysique extra-galactique [astro-ph.CO],PE9
phys.astr.ep,Physique [physics]/Astrophysique [astro-ph]/Planétologie et astrophysique de la terre [astro-ph.EP],PE9
phys.astr.ga,Physique [physics]/Astrophysique [astro-ph]/Astrophysique galactique [astro-ph.GA],PE9
phys.astr.he,Physique [physics]/Astrophysique [astro-ph]/Phénomènes cosmiques de haute energie [astro-ph.HE],PE9
phys.astr.im,Physique [physics]/Astrophysique [astro-ph]/Instrumentation et méthodes pour l'astrophysique [astro-ph.IM],PE9
phys.astr.sr,Physique [physics]/Astrophysique [astro-ph]/Astrophysique stellaire et solaire [astro-ph.SR],PE9
phys.cond,Physique [physics]/Matière Condensée [cond-mat],PE3
phys.cond.cm-ds-nn,Physique [physics]/Matière Condensée [cond-mat]/Systèmes désordonnés et réseaux de neurones [cond-mat.dis-nn],PE3
phys.cond.cm-gen,Physique [physics]/Matière Condensée [cond-mat]/Autre [cond-mat.other],PE3
phys.cond.cm-ms,Physique [physics]/Matière Condensée [cond-mat]/Science des matériaux [cond-mat.mtrl-sci],PE3
phys.cond.cm-msqhe,Physique [physics]/Matière Condensée [cond-mat]/Systèmes mésoscopiques et effet Hall quantique [cond-mat.mes-hall],PE3
phys.cond.cm-s,Physique [physics]/Matière Condensée [cond-mat]/Supraconductivité [cond-mat.supr-con],PE3
phys.cond.cm-sce,Physique [physics]/Matière Condensée [cond-mat]/Electrons fortement corrélés [cond-mat.str-el],PE3
phys.cond.cm-scm,Physique [physics]/Matière Condensée [cond-mat]/Matière Molle [cond-mat.soft],PE3
phys.cond.cm-sm,Physique [physics]/Matière Condensée [cond-mat]/Mécanique statistique [cond-mat.stat-mech],PE3
phys.cond.gas,Physique [physics]/Matière Condensée [cond-mat]/Gaz Quantiques [cond-mat.quant-gas],PE3
phys.grqc,Physique [physics]/Relativité Générale et Cosmologie Quantique [gr-qc],"PE2, PE3"
phys.hexp,Physique [physics]/Physique des Hautes Energies - Expérience [hep-ex],PE9
phys.hist,Physique [physics]/Articles anciens,"PE2, PE3, PE9"
phys.hlat,Physique [physics]/Physique des Hautes Energies - Réseau [hep-lat],PE9
phys.hphe,Physique [physics]/Physique des Hautes Energies - Phénoménologie [hep-ph],PE9
phys.hthe,Physique [physics]/Physique des Hautes Energies - Théorie [hep-th],PE9
phys.meca,Physique [physics]/Mécanique [physics],"PE2, PE3, PE5, PE8"
phys.meca.acou,Physique [physics]/Mécanique [physics]/Acoustique [physics.class-ph],PE3
phys.meca.biom,Physique [physics]/Mécanique [physics]/Biomécanique [physics.med-ph],"PE2, PE3, PE8"
phys.meca.geme,Physique [physics]/Mécanique [physics]/Génie mécanique [physics.class-ph],PE8
phys.meca.mefl,Physique [physics]/Mécanique [physics]/Mécanique des fluides [physics.class-ph],PE3
phys.meca.mema,Physique [physics]/Mécanique [physics]/Mécanique des matériaux [physics.class-ph],PE3
phys.meca.msmeca,Physique [physics]/Mécanique [physics]/Matériaux et structures en mécanique [physics.class-ph],PE3
phys.meca.solid,Physique [physics]/Mécanique [physics]/Mécanique des solides [physics.class-ph],PE3
phys.meca.stru,Physique [physics]/Mécanique [physics]/Mécanique des structures [physics.class-ph],PE5
phys.meca.ther,Physique [physics]/Mécanique [physics]/Thermique [physics.class-ph],PE2
phys.meca.vibr,Physique [physics]/Mécanique [physics]/Vibrations [physics.class-ph],"PE2, PE3, PE5, PE8"
phys.mphy,Physique [physics]/Physique mathématique [math-ph],PE1
phys.nexp,Physique [physics]/Physique Nucléaire Expérimentale [nucl-ex],PE2
phys.nucl,Physique [physics]/Physique Nucléaire Théorique [nucl-th],PE2
phys.phys,Physique [physics]/Physique [physics],"PE1, PE2, PE3, PE8, PE9"
phys.phys.phys-acc-ph,Physique [physics]/Physique [physics]/Physique des accélérateurs [physics.acc-ph],PE2
phys.phys.phys-ao-ph,Physique [physics]/Physique [physics]/Physique Atmosphérique et Océanique [physics.ao-ph],PE10
phys.phys.phys-atm-ph,Physique [physics]/Physique [physics]/Agrégats Moléculaires et Atomiques [physics.atm-clus],PE2
phys.phys.phys-atom-ph,Physique [physics]/Physique [physics]/Physique Atomique [physics.atom-ph],PE2
phys.phys.phys-bio-ph,Physique [physics]/Physique [physics]/Biophysique [physics.bio-ph],PE3
phys.phys.phys-chem-ph,Physique [physics]/Physique [physics]/Chimie-Physique [physics.chem-ph],PE3
phys.phys.phys-class-ph,Physique [physics]/Physique [physics]/Physique Classique [physics.class-ph],PE2
phys.phys.phys-comp-ph,Physique [physics]/Physique [physics]/Physique Numérique [physics.comp-ph],?
phys.phys.phys-data-an,"Physique [physics]/Physique [physics]/Analyse de données, Statistiques et Probabilités [physics.data-an]","PE1, PE2, PE3, PE8, PE9"
phys.phys.phys-ed-ph,Physique [physics]/Physique [physics]/Enseignement de la physique [physics.ed-ph],"PE1, PE2, PE3, PE8, PE9"
phys.phys.phys-flu-dyn,Physique [physics]/Physique [physics]/Dynamique des Fluides [physics.flu-dyn],PE3
phys.phys.phys-gen-ph,Physique [physics]/Physique [physics]/Physique Générale [physics.gen-ph],"PE1, PE2, PE3, PE8, PE9"
phys.phys.phys-geo-ph,Physique [physics]/Physique [physics]/Géophysique [physics.geo-ph],PE10
phys.phys.phys-ins-det,Physique [physics]/Physique [physics]/Instrumentations et Détecteurs [physics.ins-det],PE9
phys.phys.phys-med-ph,Physique [physics]/Physique [physics]/Physique Médicale [physics.med-ph],?
phys.phys.phys-optics,Physique [physics]/Physique [physics]/Optique [physics.optics],PE2
phys.phys.phys-plasm-ph,Physique [physics]/Physique [physics]/Physique des plasmas [physics.plasm-ph],PE2
phys.phys.phys-soc-ph,Physique [physics]/Physique [physics]/Physique et Société [physics.soc-ph],?
phys.phys.phys-space-ph,Physique [physics]/Physique [physics]/Physique de l'espace [physics.space-ph],PE9
phys.qphy,Physique [physics]/Physique Quantique [quant-ph],"PE2, PE3"
qfin,Économie et finance quantitative [q-fin],SH1
qfin.cp,Économie et finance quantitative [q-fin]/Finance quantitative [q-fin.CP],SH1
qfin.gn,Économie et finance quantitative [q-fin]/Finance [q-fin.GN],SH1
qfin.pm,Économie et finance quantitative [q-fin]/Gestion de portefeuilles [q-fin.PM],SH1
qfin.pr,Économie et finance quantitative [q-fin]/Pricing [q-fin.PR],SH1
qfin.rm,Économie et finance quantitative [q-fin]/Gestion des risques [q-fin.RM],SH1
qfin.st,Économie et finance quantitative [q-fin]/Econométrie de la finance [q-fin.ST],SH1
qfin.tr,Économie et finance quantitative [q-fin]/Microstructure des marchés [q-fin.TR],SH1
scco,Sciences cognitives,SH4
scco.comp,Sciences cognitives/Informatique,SH4
scco.ling,Sciences cognitives/Linguistique,SH4
scco.neur,Sciences cognitives/Neurosciences,SH4
scco.psyc,Sciences cognitives/Psychologie,SH4
sde,Sciences de l'environnement,LS8
sde.be,Sciences de l'environnement/Biodiversité et Ecologie,LS8
sde.es,Sciences de l'environnement/Environnement et Société,LS8
sde.ie,Sciences de l'environnement/Ingénierie de l'environnement,LS8
sde.mcg,Sciences de l'environnement/Milieux et Changements globaux,LS8
sdu,Planète et Univers [physics],"PE9, PE10"
sdu.astr,Planète et Univers [physics]/Astrophysique [astro-ph],PE9
sdu.astr.co,Planète et Univers [physics]/Astrophysique [astro-ph]/Cosmologie et astrophysique extra-galactique [astro-ph.CO],PE9
sdu.astr.ep,Planète et Univers [physics]/Astrophysique [astro-ph]/Planétologie et astrophysique de la terre [astro-ph.EP],PE9
sdu.astr.ga,Planète et Univers [physics]/Astrophysique [astro-ph]/Astrophysique galactique [astro-ph.GA],PE9
sdu.astr.he,Planète et Univers [physics]/Astrophysique [astro-ph]/Phénomènes cosmiques de haute energie [astro-ph.HE],PE9
sdu.astr.im,Planète et Univers [physics]/Astrophysique [astro-ph]/Instrumentation et méthodes pour l'astrophysique [astro-ph.IM],PE9
sdu.astr.sr,Planète et Univers [physics]/Astrophysique [astro-ph]/Astrophysique stellaire et solaire [astro-ph.SR],PE9
sdu.envi,"Planète et Univers [physics]/Interfaces continentales, environnement",PE10
sdu.ocean,"Planète et Univers [physics]/Océan, Atmosphère",PE10
sdu.other,Planète et Univers [physics]/Autre,?
sdu.stu,Planète et Univers [physics]/Sciences de la Terre,PE10
sdu.stu.ag,Planète et Univers [physics]/Sciences de la Terre/Géologie appliquée,PE10
sdu.stu.cl,Planète et Univers [physics]/Sciences de la Terre/Climatologie,PE10
sdu.stu.gc,Planète et Univers [physics]/Sciences de la Terre/Géochimie,PE10
sdu.stu.gl,Planète et Univers [physics]/Sciences de la Terre/Glaciologie,PE10
sdu.stu.gm,Planète et Univers [physics]/Sciences de la Terre/Géomorphologie,PE10
sdu.stu.gp,Planète et Univers [physics]/Sciences de la Terre/Géophysique [physics.geo-ph],PE10
sdu.stu.hy,Planète et Univers [physics]/Sciences de la Terre/Hydrologie,PE10
sdu.stu.me,Planète et Univers [physics]/Sciences de la Terre/Météorologie,PE10
sdu.stu.mi,Planète et Univers [physics]/Sciences de la Terre/Minéralogie,PE10
sdu.stu.oc,Planète et Univers [physics]/Sciences de la Terre/Océanographie,PE10
sdu.stu.pg,Planète et Univers [physics]/Sciences de la Terre/Paléontologie,PE10
sdu.stu.pl,Planète et Univers [physics]/Sciences de la Terre/Planétologie,PE10
sdu.stu.st,Planète et Univers [physics]/Sciences de la Terre/Stratigraphie,PE10
sdu.stu.te,Planète et Univers [physics]/Sciences de la Terre/Tectonique,PE10
sdu.stu.vo,Planète et Univers [physics]/Sciences de la Terre/Volcanologie,PE10
sdv,Sciences du Vivant [q-bio],"LS1, LS2, LS3, LS4, LS5, LS6, LS7, LS8, LS9"
sdv.aen,Sciences du Vivant [q-bio]/Alimentation et Nutrition,LS4
sdv.ba,Sciences du Vivant [q-bio]/Biologie animale,LS9
sdv.ba.mvsa,Sciences du Vivant [q-bio]/Biologie animale/Médecine vétérinaire et santé animale,LS9
sdv.ba.zi,Sciences du Vivant [q-bio]/Biologie animale/Zoologie des invertébrés,LS9
sdv.ba.zv,Sciences du Vivant [q-bio]/Biologie animale/Zoologie des vertébrés,LS9
sdv.bbm,"Sciences du Vivant [q-bio]/Biochimie, Biologie Moléculaire",LS1
sdv.bbm.bc,"Sciences du Vivant [q-bio]/Biochimie, Biologie Moléculaire/Biochimie [q-bio.BM]",LS1
sdv.bbm.bm,"Sciences du Vivant [q-bio]/Biochimie, Biologie Moléculaire/Biologie moléculaire",LS1
sdv.bbm.bp,"Sciences du Vivant [q-bio]/Biochimie, Biologie Moléculaire/Biophysique",LS1
sdv.bbm.bs,"Sciences du Vivant [q-bio]/Biochimie, Biologie Moléculaire/Biologie structurale [q-bio.BM]",LS1
sdv.bbm.gtp,"Sciences du Vivant [q-bio]/Biochimie, Biologie Moléculaire/Génomique, Transcriptomique et Protéomique [q-bio.GN]",LS1
sdv.bc,Sciences du Vivant [q-bio]/Biologie cellulaire,LS3
sdv.bc.bc,Sciences du Vivant [q-bio]/Biologie cellulaire/Organisation et fonctions cellulaires [q-bio.SC],LS3
sdv.bc.ic,Sciences du Vivant [q-bio]/Biologie cellulaire/Interactions cellulaires [q-bio.CB],LS3
sdv.bdd,Sciences du Vivant [q-bio]/Biologie du développement,LS3
sdv.bdd.eo,Sciences du Vivant [q-bio]/Biologie du développement/Embryologie et organogenèse,LS3
sdv.bdd.mor,Sciences du Vivant [q-bio]/Biologie du développement/Morphogenèse,LS3
sdv.bdlr,Sciences du Vivant [q-bio]/Biologie de la reproduction,LS3
sdv.bdlr.rs,Sciences du Vivant [q-bio]/Biologie de la reproduction/Reproduction sexuée,LS3
sdv.bibs,"Sciences du Vivant [q-bio]/Bio-Informatique, Biologie Systémique [q-bio.QM]",LS2
sdv.bid,Sciences du Vivant [q-bio]/Biodiversité,LS8
sdv.bid.evo,Sciences du Vivant [q-bio]/Biodiversité/Evolution [q-bio.PE],LS8
sdv.bid.spt,"Sciences du Vivant [q-bio]/Biodiversité/Systématique, phylogénie et taxonomie",LS8
sdv.bio,Sciences du Vivant [q-bio]/Biotechnologies,LS9
sdv.bv,Sciences du Vivant [q-bio]/Biologie végétale,LS9
sdv.bv.ap,Sciences du Vivant [q-bio]/Biologie végétale/Amélioration des plantes,LS9
sdv.bv.bot,Sciences du Vivant [q-bio]/Biologie végétale/Botanique,LS9
sdv.bv.pep,Sciences du Vivant [q-bio]/Biologie végétale/Phytopathologie et phytopharmacie,LS9
sdv.can,Sciences du Vivant [q-bio]/Cancer,LS4
sdv.ee,"Sciences du Vivant [q-bio]/Ecologie, Environnement",LS8
sdv.ee.bio,"Sciences du Vivant [q-bio]/Ecologie, Environnement/Bioclimatologie",LS8
sdv.ee.eco,"Sciences du Vivant [q-bio]/Ecologie, Environnement/Ecosystèmes",LS8
sdv.ee.ieo,"Sciences du Vivant [q-bio]/Ecologie, Environnement/Interactions entre organismes",LS8
sdv.ee.sant,"Sciences du Vivant [q-bio]/Ecologie, Environnement/Santé",LS8
sdv.eth,Sciences du Vivant [q-bio]/Ethique,LS7
sdv.gen,Sciences du Vivant [q-bio]/Génétique,LS2
sdv.gen.ga,Sciences du Vivant [q-bio]/Génétique/Génétique animale,LS2
sdv.gen.gh,Sciences du Vivant [q-bio]/Génétique/Génétique humaine,LS2
sdv.gen.gpl,Sciences du Vivant [q-bio]/Génétique/Génétique des plantes,LS2
sdv.gen.gpo,Sciences du Vivant [q-bio]/Génétique/Génétique des populations [q-bio.PE],LS2
sdv.ib,Sciences du Vivant [q-bio]/Ingénierie biomédicale,LS9
sdv.ib.bio,Sciences du Vivant [q-bio]/Ingénierie biomédicale/Biomatériaux,LS9
sdv.ib.ima,Sciences du Vivant [q-bio]/Ingénierie biomédicale/Imagerie,LS9
sdv.ib.mn,Sciences du Vivant [q-bio]/Ingénierie biomédicale/Médecine nucléaire,LS9
sdv.ida,Sciences du Vivant [q-bio]/Ingénierie des aliments,LS9
sdv.imm,Sciences du Vivant [q-bio]/Immunologie,LS6
sdv.imm.all,Sciences du Vivant [q-bio]/Immunologie/Allergologie,LS6
sdv.imm.ia,Sciences du Vivant [q-bio]/Immunologie/Immunité adaptative,LS6
sdv.imm.ii,Sciences du Vivant [q-bio]/Immunologie/Immunité innée,LS6
sdv.imm.imm,Sciences du Vivant [q-bio]/Immunologie/Immunothérapie,LS6
sdv.imm.vac,Sciences du Vivant [q-bio]/Immunologie/Vaccinologie,LS6
sdv.mhep,Sciences du Vivant [q-bio]/Médecine humaine et pathologie,LS7
sdv.mhep.aha,"Sciences du Vivant [q-bio]/Médecine humaine et pathologie/Anatomie, Histologie, Anatomopathologie [q-bio.TO]",LS7
sdv.mhep.chi,Sciences du Vivant [q-bio]/Médecine humaine et pathologie/Chirurgie,LS7
sdv.mhep.csc,Sciences du Vivant [q-bio]/Médecine humaine et pathologie/Cardiologie et système cardiovasculaire,LS7
sdv.mhep.derm,Sciences du Vivant [q-bio]/Médecine humaine et pathologie/Dermatologie,LS7
sdv.mhep.em,Sciences du Vivant [q-bio]/Médecine humaine et pathologie/Endocrinologie et métabolisme,LS7
sdv.mhep.geg,Sciences du Vivant [q-bio]/Médecine humaine et pathologie/Gériatrie et gérontologie,LS7
sdv.mhep.geo,Sciences du Vivant [q-bio]/Médecine humaine et pathologie/Gynécologie et obstétrique,LS7
sdv.mhep.heg,Sciences du Vivant [q-bio]/Médecine humaine et pathologie/Hépatologie et Gastroentérologie,LS7
sdv.mhep.hem,Sciences du Vivant [q-bio]/Médecine humaine et pathologie/Hématologie,LS7
sdv.mhep.me,Sciences du Vivant [q-bio]/Médecine humaine et pathologie/Maladies émergentes,LS7
sdv.mhep.mi,Sciences du Vivant [q-bio]/Médecine humaine et pathologie/Maladies infectieuses,LS7
sdv.mhep.os,Sciences du Vivant [q-bio]/Médecine humaine et pathologie/Organes des sens,LS7
sdv.mhep.ped,Sciences du Vivant [q-bio]/Médecine humaine et pathologie/Pédiatrie,LS7
sdv.mhep.phy,Sciences du Vivant [q-bio]/Médecine humaine et pathologie/Physiologie [q-bio.TO],LS7
sdv.mhep.psm,Sciences du Vivant [q-bio]/Médecine humaine et pathologie/Psychiatrie et santé mentale,LS7
sdv.mhep.psr,Sciences du Vivant [q-bio]/Médecine humaine et pathologie/Pneumologie et système respiratoire,LS7
sdv.mhep.rsoa,Sciences du Vivant [q-bio]/Médecine humaine et pathologie/Rhumatologie et système ostéo-articulaire,LS7
sdv.mhep.un,Sciences du Vivant [q-bio]/Médecine humaine et pathologie/Urologie et Néphrologie,LS7
sdv.mp,Sciences du Vivant [q-bio]/Microbiologie et Parasitologie,LS4
sdv.mp.bac,Sciences du Vivant [q-bio]/Microbiologie et Parasitologie/Bactériologie,LS4
sdv.mp.myc,Sciences du Vivant [q-bio]/Microbiologie et Parasitologie/Mycologie,LS4
sdv.mp.par,Sciences du Vivant [q-bio]/Microbiologie et Parasitologie/Parasitologie,LS4
sdv.mp.pro,Sciences du Vivant [q-bio]/Microbiologie et Parasitologie/Protistologie,LS4
sdv.mp.vir,Sciences du Vivant [q-bio]/Microbiologie et Parasitologie/Virologie,LS4
sdv.neu,Sciences du Vivant [q-bio]/Neurosciences [q-bio.NC],LS5
sdv.neu.nb,Sciences du Vivant [q-bio]/Neurosciences [q-bio.NC]/Neurobiologie,LS5
sdv.neu.pc,Sciences du Vivant [q-bio]/Neurosciences [q-bio.NC]/Psychologie et comportements,LS5
sdv.neu.sc,Sciences du Vivant [q-bio]/Neurosciences [q-bio.NC]/Sciences cognitives,LS5
sdv.ot,Sciences du Vivant [q-bio]/Autre [q-bio.OT],?
sdv.sa,Sciences du Vivant [q-bio]/Sciences agricoles,LS9
sdv.sa.aep,"Sciences du Vivant [q-bio]/Sciences agricoles/Agriculture, économie et politique",LS9
sdv.sa.agro,Sciences du Vivant [q-bio]/Sciences agricoles/Agronomie,LS9
sdv.sa.hort,Sciences du Vivant [q-bio]/Sciences agricoles/Horticulture,LS9
sdv.sa.sds,Sciences du Vivant [q-bio]/Sciences agricoles/Science des sols,LS9
sdv.sa.sf,"Sciences du Vivant [q-bio]/Sciences agricoles/Sylviculture, foresterie",LS9
sdv.sa.spa,Sciences du Vivant [q-bio]/Sciences agricoles/Science des productions animales,LS9
sdv.sa.sta,Sciences du Vivant [q-bio]/Sciences agricoles/Sciences et techniques de l'agriculture,LS9
sdv.sa.stp,Sciences du Vivant [q-bio]/Sciences agricoles/Sciences et techniques des pÃªches,LS9
sdv.sa.zoo,Sciences du Vivant [q-bio]/Sciences agricoles/Zootechnie,LS9
sdv.sp,Sciences du Vivant [q-bio]/Sciences pharmaceutiques,LS7
sdv.sp.med,Sciences du Vivant [q-bio]/Sciences pharmaceutiques/Médicaments,LS7
sdv.sp.pg,Sciences du Vivant [q-bio]/Sciences pharmaceutiques/Pharmacie galénique,LS7
sdv.sp.pharma,Sciences du Vivant [q-bio]/Sciences pharmaceutiques/Pharmacologie,LS7
sdv.spee,Sciences du Vivant [q-bio]/Santé publique et épidémiologie,LS7
sdv.tox,Sciences du Vivant [q-bio]/Toxicologie,LS7
sdv.tox.eco,Sciences du Vivant [q-bio]/Toxicologie/Ecotoxicologie,LS7
sdv.tox.tca,Sciences du Vivant [q-bio]/Toxicologie/Toxicologie et chaîne alimentaire,LS7
shs,Sciences de l'Homme et Société,"SH1, SH2, SH3, SH4, SH5, SH6, SH7, SH8"
shs.anthro-bio,Sciences de l'Homme et Société/Anthropologie biologique,?
shs.anthro-se,Sciences de l'Homme et Société/Anthropologie sociale et ethnologie,SH8
shs.archeo,Sciences de l'Homme et Société/Archéologie et Préhistoire,SH6
shs.archi,"Sciences de l'Homme et Société/Architecture, aménagement de l'espace",SH8
shs.art,Sciences de l'Homme et Société/Art et histoire de l'art,SH8
shs.class,Sciences de l'Homme et Société/Etudes classiques,SH5
shs.demo,Sciences de l'Homme et Société/Démographie,SH7
shs.droit,Sciences de l'Homme et Société/Droit,SH2
shs.eco,Sciences de l'Homme et Société/Economies et finances,SH1
shs.edu,Sciences de l'Homme et Société/Education,SH3
shs.envir,Sciences de l'Homme et Société/Etudes de l'environnement,SH7
shs.genre,Sciences de l'Homme et Société/Etudes sur le genre,SH8
shs.geo,Sciences de l'Homme et Société/Géographie,SH7
shs.gestion,Sciences de l'Homme et Société/Gestion et management,SH1
shs.hisphilso,"Sciences de l'Homme et Société/Histoire, Philosophie et Sociologie des sciences",SH6
shs.hist,Sciences de l'Homme et Société/Histoire,SH6
shs.info,Sciences de l'Homme et Société/Sciences de l'information et de la communication,SH3
shs.langue,Sciences de l'Homme et Société/Linguistique,SH4
shs.litt,Sciences de l'Homme et Société/Littératures,SH5
shs.museo,Sciences de l'Homme et Société/Héritage culturel et muséologie,SH8
shs.musiq,"Sciences de l'Homme et Société/Musique, musicologie et arts de la scène",SH8
shs.phil,Sciences de l'Homme et Société/Philosophie,SH5
shs.psy,Sciences de l'Homme et Société/Psychologie,SH4
shs.relig,Sciences de l'Homme et Société/Religions,SH8
shs.scipo,Sciences de l'Homme et Société/Science politique,SH2
shs.socio,Sciences de l'Homme et Société/Sociologie,SH3
shs.stat,Sciences de l'Homme et Société/Méthodes et statistiques,?
spi,Sciences de l'ingénieur [physics],"PE2, PE3, PE7, PE8, PE11"
spi.acou,Sciences de l'ingénieur [physics]/Acoustique [physics.class-ph],PE3
spi.auto,Sciences de l'ingénieur [physics]/Automatique / Robotique,PE7
spi.elec,Sciences de l'ingénieur [physics]/Electromagnétisme,PE2
spi.fluid,Sciences de l'ingénieur [physics]/Milieux fluides et réactifs,PE8
spi.gciv,Sciences de l'ingénieur [physics]/Génie civil,PE8
spi.gciv.cd,Sciences de l'ingénieur [physics]/Génie civil/Construction durable,PE8
spi.gciv.dv,"Sciences de l'ingénieur [physics]/Génie civil/Dynamique, vibrations",PE8
spi.gciv.ec,Sciences de l'ingénieur [physics]/Génie civil/Eco-conception,PE8
spi.gciv.geotech,Sciences de l'ingénieur [physics]/Génie civil/Géotechnique,PE8
spi.gciv.it,Sciences de l'ingénieur [physics]/Génie civil/Infrastructures de transport,PE8
spi.gciv.mat,Sciences de l'ingénieur [physics]/Génie civil/Matériaux composites et construction,PE8
spi.gciv.risq,Sciences de l'ingénieur [physics]/Génie civil/Risques,PE8
spi.gciv.struct,Sciences de l'ingénieur [physics]/Génie civil/Structures,PE8
spi.gproc,Sciences de l'ingénieur [physics]/Génie des procédés,PE8
spi.mat,Sciences de l'ingénieur [physics]/Matériaux,PE11
spi.meca,Sciences de l'ingénieur [physics]/Mécanique [physics.med-ph],PE8
spi.meca.biom,Sciences de l'ingénieur [physics]/Mécanique [physics.med-ph]/Biomécanique [physics.med-ph],PE8
spi.meca.geme,Sciences de l'ingénieur [physics]/Mécanique [physics.med-ph]/Génie mécanique [physics.class-ph],PE8
spi.meca.mefl,Sciences de l'ingénieur [physics]/Mécanique [physics.med-ph]/Mécanique des fluides [physics.class-ph],PE8
spi.meca.mema,Sciences de l'ingénieur [physics]/Mécanique [physics.med-ph]/Mécanique des matériaux [physics.class-ph],PE8
spi.meca.msmeca,Sciences de l'ingénieur [physics]/Mécanique [physics.med-ph]/Matériaux et structures en mécanique [physics.class-ph],PE8
spi.meca.solid,Sciences de l'ingénieur [physics]/Mécanique [physics.med-ph]/Mécanique des solides [physics.class-ph],PE8
spi.meca.stru,Sciences de l'ingénieur [physics]/Mécanique [physics.med-ph]/Mécanique des structures [physics.class-ph],PE8
spi.meca.ther,Sciences de l'ingénieur [physics]/Mécanique [physics.med-ph]/Thermique [physics.class-ph],PE8
spi.meca.vibr,Sciences de l'ingénieur [physics]/Mécanique [physics.med-ph]/Vibrations [physics.class-ph],PE8
spi.nano,Sciences de l'ingénieur [physics]/Micro et nanotechnologies/Microélectronique,PE7
spi.nrj,Sciences de l'ingénieur [physics]/Energie électrique,PE7
spi.opti,Sciences de l'ingénieur [physics]/Optique / photonique,PE7
spi.other,Sciences de l'ingénieur [physics]/Autre,?
spi.plasma,Sciences de l'ingénieur [physics]/Plasmas,?
spi.signal,Sciences de l'ingénieur [physics]/Traitement du signal et de l'image [eess.SP],PE6
spi.tron,Sciences de l'ingénieur [physics]/Electronique,PE7
stat,Statistiques [stat],PE1
stat.ap,Statistiques [stat]/Applications [stat.AP],PE1
stat.co,Statistiques [stat]/Calcul [stat.CO],PE1
stat.me,Statistiques [stat]/Méthodologie [stat.ME],PE1
stat.ml,Statistiques [stat]/Machine Learning [stat.ML],PE6
stat.ot,Statistiques [stat]/Autres [stat.ML],?
stat.th,Statistiques [stat]/Théorie [stat.TH],PE1